,Year,Month,BORO_NM,LAW_CAT_FELONY,LAW_CAT_MISDEMEANOR,LAW_CAT_VIOLATION
0,2015,1,BRONX,2184,4281,863
1,2015,1,BROOKLYN,3667,5314,1460
2,2015,1,MANHATTAN,2673,4608,874
3,2015,1,QUEENS,2524,3655,875
4,2015,1,STATEN ISLAND,400,851,305
5,2015,2,BRONX,1934,4095,789
6,2015,2,BROOKLYN,3083,4775,1249
7,2015,2,MANHATTAN,2445,4449,835
8,2015,2,QUEENS,2268,3419,836
9,2015,2,STATEN ISLAND,316,771,276
10,2015,3,BRONX,2293,4964,971
11,2015,3,BROOKLYN,3616,6206,1596
12,2015,3,MANHATTAN,2730,5244,988
13,2015,3,QUEENS,2431,4071,985
14,2015,3,STATEN ISLAND,468,1111,353
15,2015,4,(null),0,2,0
16,2015,4,BRONX,2343,5177,1079
17,2015,4,BROOKLYN,3860,6484,1552
18,2015,4,MANHATTAN,2874,5718,1037
19,2015,4,QUEENS,2596,4335,985
20,2015,4,STATEN ISLAND,417,1045,342
21,2015,5,BRONX,2516,5638,1196
22,2015,5,BROOKLYN,4143,6890,1803
23,2015,5,MANHATTAN,2894,5717,1213
24,2015,5,QUEENS,2716,4491,1102
25,2015,5,STATEN ISLAND,440,1170,392
26,2015,6,BRONX,2373,5340,1191
27,2015,6,BROOKLYN,4115,6808,1800
28,2015,6,MANHATTAN,2891,5736,1176
29,2015,6,QUEENS,2615,4572,1100
30,2015,6,STATEN ISLAND,477,1090,379
31,2015,7,BRONX,2773,5749,1261
32,2015,7,BROOKLYN,4358,7083,1856
33,2015,7,MANHATTAN,3330,5996,1157
34,2015,7,QUEENS,2881,4657,1242
35,2015,7,STATEN ISLAND,454,1149,433
36,2015,8,(null),0,0,1
37,2015,8,BRONX,2966,5928,1263
38,2015,8,BROOKLYN,4610,7186,1912
39,2015,8,MANHATTAN,3315,5860,1202
40,2015,8,QUEENS,2920,4737,1178
41,2015,8,STATEN ISLAND,475,1159,388
42,2015,9,BRONX,2781,5507,1290
43,2015,9,BROOKLYN,4186,6478,1777
44,2015,9,MANHATTAN,3263,5584,1091
45,2015,9,QUEENS,2773,4135,1185
46,2015,9,STATEN ISLAND,446,1049,395
47,2015,10,(null),1,0,0
48,2015,10,BRONX,2715,5319,1183
49,2015,10,BROOKLYN,4263,6090,1750
50,2015,10,MANHATTAN,3167,5556,1118
51,2015,10,QUEENS,2823,4255,1054
52,2015,10,STATEN ISLAND,499,1052,403
53,2015,11,(null),1,0,0
54,2015,11,BRONX,2588,4840,1118
55,2015,11,BROOKLYN,4070,6083,1588
56,2015,11,MANHATTAN,3145,4990,1082
57,2015,11,QUEENS,2735,3927,1042
58,2015,11,STATEN ISLAND,406,1029,348
59,2015,12,(null),1,0,0
60,2015,12,BRONX,2608,4729,1158
61,2015,12,BROOKLYN,3963,5933,1651
62,2015,12,MANHATTAN,3308,4955,1049
63,2015,12,QUEENS,2784,4012,984
64,2015,12,STATEN ISLAND,404,1105,348
65,2016,1,(null),0,1,0
66,2016,1,BRONX,2496,4890,1255
67,2016,1,BROOKLYN,3580,5815,1588
68,2016,1,MANHATTAN,2926,5284,1061
69,2016,1,QUEENS,2490,3746,989
70,2016,1,STATEN ISLAND,381,984,349
71,2016,2,BRONX,2287,4338,1092
72,2016,2,BROOKLYN,3371,5589,1495
73,2016,2,MANHATTAN,2561,4933,944
74,2016,2,QUEENS,2415,3554,1003
75,2016,2,STATEN ISLAND,438,880,288
76,2016,3,BRONX,2496,5121,1296
77,2016,3,BROOKLYN,3708,6331,1738
78,2016,3,MANHATTAN,3034,5518,1155
79,2016,3,QUEENS,2721,4022,1095
80,2016,3,STATEN ISLAND,446,1010,339
81,2016,4,BRONX,2471,5345,1250
82,2016,4,BROOKLYN,3650,6039,1562
83,2016,4,MANHATTAN,2940,5710,1132
84,2016,4,QUEENS,2549,4193,1093
85,2016,4,STATEN ISLAND,460,1017,372
86,2016,5,(null),0,2,0
87,2016,5,BRONX,2611,5653,1360
88,2016,5,BROOKLYN,3917,6618,1760
89,2016,5,MANHATTAN,3056,5808,1244
90,2016,5,QUEENS,2786,4448,1171
91,2016,5,STATEN ISLAND,456,1109,396
92,2016,6,BRONX,2577,5363,1307
93,2016,6,BROOKLYN,3964,6438,1848
94,2016,6,MANHATTAN,3206,5874,1195
95,2016,6,QUEENS,2723,4417,1280
96,2016,6,STATEN ISLAND,391,1126,423
97,2016,7,BRONX,2633,5213,1293
98,2016,7,BROOKLYN,4043,6398,1754
99,2016,7,MANHATTAN,3212,5492,1110
100,2016,7,QUEENS,2806,4344,1315
101,2016,7,STATEN ISLAND,451,1062,368
102,2016,8,(null),1,0,0
103,2016,8,BRONX,2776,5312,1256
104,2016,8,BROOKLYN,4302,6786,1905
105,2016,8,MANHATTAN,3355,6034,1261
106,2016,8,QUEENS,2833,4281,1250
107,2016,8,STATEN ISLAND,492,1036,366
108,2016,9,BRONX,2551,4910,1196
109,2016,9,BROOKLYN,3854,6377,1862
110,2016,9,MANHATTAN,2962,5375,1142
111,2016,9,QUEENS,2680,3955,1177
112,2016,9,STATEN ISLAND,420,1089,381
113,2016,10,BRONX,2657,5229,1295
114,2016,10,BROOKLYN,4142,6341,1762
115,2016,10,MANHATTAN,3187,5559,1166
116,2016,10,QUEENS,2702,4152,1231
117,2016,10,STATEN ISLAND,486,998,405
118,2016,11,(null),1,0,0
119,2016,11,BRONX,2432,4614,1106
120,2016,11,BROOKLYN,3777,5930,1628
121,2016,11,MANHATTAN,2899,4941,1087
122,2016,11,QUEENS,2568,3813,1095
123,2016,11,STATEN ISLAND,424,987,358
124,2016,12,(null),1,0,0
125,2016,12,BRONX,2578,4726,1169
126,2016,12,BROOKLYN,3720,5634,1505
127,2016,12,MANHATTAN,3108,5166,1040
128,2016,12,QUEENS,2627,3951,1038
129,2016,12,STATEN ISLAND,400,947,318
130,2017,1,BRONX,2474,5001,1227
131,2017,1,BROOKLYN,3751,5942,1626
132,2017,1,MANHATTAN,2864,5308,1048
133,2017,1,QUEENS,2507,3803,1079
134,2017,1,STATEN ISLAND,419,950,408
135,2017,2,BRONX,2101,4212,1004
136,2017,2,BROOKLYN,3211,5232,1411
137,2017,2,MANHATTAN,2509,4687,939
138,2017,2,QUEENS,2198,3390,957
139,2017,2,STATEN ISLAND,364,826,274
140,2017,3,BRONX,2351,4803,1246
141,2017,3,BROOKLYN,3448,5659,1577
142,2017,3,MANHATTAN,2765,5048,1033
143,2017,3,QUEENS,2332,3711,1042
144,2017,3,STATEN ISLAND,343,957,350
145,2017,4,(null),0,2,0
146,2017,4,BRONX,2292,4775,1168
147,2017,4,BROOKLYN,3517,5741,1605
148,2017,4,MANHATTAN,2887,5543,1100
149,2017,4,QUEENS,2341,3999,1159
150,2017,4,STATEN ISLAND,358,920,413
151,2017,5,BRONX,2449,5208,1378
152,2017,5,BROOKLYN,3713,6626,1753
153,2017,5,MANHATTAN,3057,5745,1215
154,2017,5,QUEENS,2457,4235,1274
155,2017,5,STATEN ISLAND,414,1066,461
156,2017,6,BRONX,2495,5129,1403
157,2017,6,BROOKLYN,3767,6286,1696
158,2017,6,MANHATTAN,2895,5569,1136
159,2017,6,QUEENS,2476,4251,1311
160,2017,6,STATEN ISLAND,403,1036,441
161,2017,7,BRONX,2582,5079,1289
162,2017,7,BROOKLYN,3984,6796,1713
163,2017,7,MANHATTAN,3110,5767,1118
164,2017,7,QUEENS,2635,4383,1335
165,2017,7,STATEN ISLAND,453,1088,374
166,2017,8,BRONX,2699,5337,1271
167,2017,8,BROOKLYN,3997,6645,1744
168,2017,8,MANHATTAN,3154,6011,1134
169,2017,8,QUEENS,2621,4380,1289
170,2017,8,STATEN ISLAND,430,1071,372
171,2017,9,BRONX,2382,5139,1326
172,2017,9,BROOKLYN,3770,6602,1723
173,2017,9,MANHATTAN,3067,5527,1139
174,2017,9,QUEENS,2509,4047,1254
175,2017,9,STATEN ISLAND,422,1033,419
176,2017,10,(null),0,1,0
177,2017,10,BRONX,2615,5284,1462
178,2017,10,BROOKLYN,4061,6380,1752
179,2017,10,MANHATTAN,3306,6036,1271
180,2017,10,QUEENS,2626,4128,1343
181,2017,10,STATEN ISLAND,381,1079,436
182,2017,11,BRONX,2262,4866,1285
183,2017,11,BROOKLYN,3571,5991,1663
184,2017,11,MANHATTAN,3030,5280,1091
185,2017,11,QUEENS,2420,3754,1165
186,2017,11,STATEN ISLAND,393,953,335
187,2017,12,BRONX,2214,4452,1326
188,2017,12,BROOKLYN,3601,5708,1545
189,2017,12,MANHATTAN,2992,5212,1082
190,2017,12,QUEENS,2411,3754,1062
191,2017,12,STATEN ISLAND,410,913,343
192,2018,1,BRONX,2171,4762,1275
193,2018,1,BROOKLYN,3561,5814,1599
194,2018,1,MANHATTAN,3036,5298,1077
195,2018,1,QUEENS,2274,3601,1126
196,2018,1,STATEN ISLAND,388,929,340
197,2018,2,BRONX,2062,4487,1298
198,2018,2,BROOKLYN,3156,5435,1550
199,2018,2,MANHATTAN,2730,4997,1049
200,2018,2,QUEENS,2058,3504,1006
201,2018,2,STATEN ISLAND,366,856,328
202,2018,3,BRONX,2141,4825,1355
203,2018,3,BROOKLYN,3506,6040,1618
204,2018,3,MANHATTAN,2883,5221,1165
205,2018,3,QUEENS,2259,3728,1138
206,2018,3,STATEN ISLAND,397,890,354
207,2018,4,BRONX,2136,4814,1276
208,2018,4,BROOKLYN,3421,5917,1679
209,2018,4,MANHATTAN,2895,5470,1112
210,2018,4,QUEENS,2350,3836,1179
211,2018,4,STATEN ISLAND,350,1002,385
212,2018,5,(null),1,0,0
213,2018,5,BRONX,2472,5057,1467
214,2018,5,BROOKLYN,3937,6511,2015
215,2018,5,MANHATTAN,3159,5513,1361
216,2018,5,QUEENS,2569,4219,1424
217,2018,5,STATEN ISLAND,416,1068,450
218,2018,6,BRONX,2320,4911,1381
219,2018,6,BROOKLYN,3819,6169,1805
220,2018,6,MANHATTAN,3117,5390,1267
221,2018,6,QUEENS,2532,4065,1323
222,2018,6,STATEN ISLAND,382,981,411
223,2018,7,(null),1,0,0
224,2018,7,BRONX,2440,5199,1433
225,2018,7,BROOKLYN,4090,6431,1930
226,2018,7,MANHATTAN,3228,5593,1314
227,2018,7,QUEENS,2606,4275,1346
228,2018,7,STATEN ISLAND,408,1115,400
229,2018,8,BRONX,2470,5331,1365
230,2018,8,BROOKLYN,4117,6338,2042
231,2018,8,MANHATTAN,3189,5756,1276
232,2018,8,QUEENS,2726,4033,1321
233,2018,8,STATEN ISLAND,398,1054,392
234,2018,9,BRONX,2279,4896,1460
235,2018,9,BROOKLYN,3714,6055,1797
236,2018,9,MANHATTAN,3044,5164,1308
237,2018,9,QUEENS,2537,3948,1271
238,2018,9,STATEN ISLAND,400,908,415
239,2018,10,BRONX,2353,4595,1436
240,2018,10,BROOKLYN,3868,5934,1799
241,2018,10,MANHATTAN,3179,5476,1366
242,2018,10,QUEENS,2492,4021,1249
243,2018,10,STATEN ISLAND,446,947,388
244,2018,11,BRONX,2188,4211,1319
245,2018,11,BROOKLYN,3533,5611,1619
246,2018,11,MANHATTAN,2866,4907,1136
247,2018,11,QUEENS,2366,3757,1130
248,2018,11,STATEN ISLAND,427,862,341
249,2018,12,(null),1,1,0
250,2018,12,BRONX,2335,4314,1288
251,2018,12,BROOKLYN,3566,5324,1644
252,2018,12,MANHATTAN,3027,5050,1121
253,2018,12,QUEENS,2252,3844,1082
254,2018,12,STATEN ISLAND,459,867,341
255,2019,1,BRONX,2282,4482,1305
256,2019,1,BROOKLYN,3555,5582,1613
257,2019,1,MANHATTAN,2779,4998,1166
258,2019,1,QUEENS,2250,3679,1185
259,2019,1,STATEN ISLAND,387,853,302
260,2019,2,(null),1,0,0
261,2019,2,BRONX,1917,3892,1184
262,2019,2,BROOKLYN,3086,4775,1430
263,2019,2,MANHATTAN,2379,4566,1044
264,2019,2,QUEENS,2049,3456,1051
265,2019,2,STATEN ISLAND,329,757,308
266,2019,3,BRONX,2124,4551,1385
267,2019,3,BROOKLYN,3379,5603,1601
268,2019,3,MANHATTAN,2672,5121,1226
269,2019,3,QUEENS,2319,3833,1227
270,2019,3,STATEN ISLAND,383,777,374
271,2019,4,BRONX,2186,4464,1483
272,2019,4,BROOKLYN,3542,5292,1700
273,2019,4,MANHATTAN,2945,5336,1219
274,2019,4,QUEENS,2154,3837,1246
275,2019,4,STATEN ISLAND,360,790,364
276,2019,5,BRONX,2457,4933,1522
277,2019,5,BROOKLYN,3809,6044,1875
278,2019,5,MANHATTAN,3063,5560,1390
279,2019,5,QUEENS,2539,4231,1379
280,2019,5,STATEN ISLAND,437,898,365
281,2019,6,BRONX,2397,4742,1416
282,2019,6,BROOKLYN,3751,5788,1864
283,2019,6,MANHATTAN,3259,5679,1389
284,2019,6,QUEENS,2542,4190,1397
285,2019,6,STATEN ISLAND,383,870,402
286,2019,7,BRONX,2765,5131,1545
287,2019,7,BROOKLYN,4167,6391,1884
288,2019,7,MANHATTAN,3294,5920,1336
289,2019,7,QUEENS,2781,4373,1388
290,2019,7,STATEN ISLAND,449,1031,324
291,2019,8,(null),1,0,0
292,2019,8,BRONX,2639,5064,1450
293,2019,8,BROOKLYN,4043,5812,1798
294,2019,8,MANHATTAN,3390,5793,1365
295,2019,8,QUEENS,2726,4249,1379
296,2019,8,STATEN ISLAND,389,835,330
297,2019,9,(null),1,0,0
298,2019,9,BRONX,2569,4833,1414
299,2019,9,BROOKLYN,3924,5989,1847
300,2019,9,MANHATTAN,3245,5817,1268
301,2019,9,QUEENS,2556,3993,1433
302,2019,9,STATEN ISLAND,409,940,373
303,2019,10,BRONX,2614,4656,1471
304,2019,10,BROOKLYN,3925,5825,1812
305,2019,10,MANHATTAN,3404,5711,1331
306,2019,10,QUEENS,2615,4060,1294
307,2019,10,STATEN ISLAND,422,895,353
308,2019,11,BRONX,2438,4332,1416
309,2019,11,BROOKLYN,3512,5374,1682
310,2019,11,MANHATTAN,3078,5011,1293
311,2019,11,QUEENS,2429,4006,1243
312,2019,11,STATEN ISLAND,372,789,323
313,2019,12,(null),2,1,1
314,2019,12,BRONX,2213,4402,1437
315,2019,12,BROOKLYN,3476,5235,1642
316,2019,12,MANHATTAN,3125,5066,1250
317,2019,12,QUEENS,2440,3831,1296
318,2019,12,STATEN ISLAND,389,782,293
319,2020,1,(null),1,4,0
320,2020,1,BRONX,2391,4609,1510
321,2020,1,BROOKLYN,3819,5585,1718
322,2020,1,MANHATTAN,3290,5463,1220
323,2020,1,QUEENS,2673,3906,1340
324,2020,1,STATEN ISLAND,380,941,305
325,2020,2,(null),1,1,1
326,2020,2,BRONX,2291,4056,1341
327,2020,2,BROOKLYN,3485,5166,1664
328,2020,2,MANHATTAN,2894,5169,1233
329,2020,2,QUEENS,2484,3876,1223
330,2020,2,STATEN ISLAND,388,835,317
331,2020,3,BRONX,2089,3887,1317
332,2020,3,BROOKLYN,3172,4870,1637
333,2020,3,MANHATTAN,2420,4094,1201
334,2020,3,QUEENS,2197,3327,1129
335,2020,3,STATEN ISLAND,340,756,281
336,2020,4,(null),0,2,1
337,2020,4,BRONX,1673,3033,928
338,2020,4,BROOKLYN,2407,3550,1250
339,2020,4,MANHATTAN,1605,2711,763
340,2020,4,QUEENS,1755,2610,843
341,2020,4,STATEN ISLAND,287,574,216
342,2020,5,(null),0,0,1
343,2020,5,BRONX,2131,4076,1294
344,2020,5,BROOKLYN,3180,4756,1450
345,2020,5,MANHATTAN,2124,3792,816
346,2020,5,QUEENS,2215,3566,1184
347,2020,5,STATEN ISLAND,353,700,287
348,2020,6,(null),0,0,1
349,2020,6,BRONX,2340,3680,1283
350,2020,6,BROOKLYN,3175,4493,1599
351,2020,6,MANHATTAN,2784,3817,968
352,2020,6,QUEENS,2274,3582,1318
353,2020,6,STATEN ISLAND,356,601,345
354,2020,7,(null),0,1,0
355,2020,7,BRONX,2222,3845,1493
356,2020,7,BROOKLYN,3670,5090,1766
357,2020,7,MANHATTAN,2654,4416,1175
358,2020,7,QUEENS,2594,3916,1519
359,2020,7,STATEN ISLAND,358,736,333
360,2020,8,(null),0,2,0
361,2020,8,BRONX,2564,3976,1448
362,2020,8,BROOKLYN,3890,5465,1800
363,2020,8,MANHATTAN,2924,4609,1148
364,2020,8,QUEENS,2821,4101,1586
365,2020,8,STATEN ISLAND,433,715,346
366,2020,9,(null),0,2,0
367,2020,9,BRONX,2652,3676,1373
368,2020,9,BROOKLYN,3760,5135,1648
369,2020,9,MANHATTAN,3036,4589,1207
370,2020,9,QUEENS,2759,3721,1381
371,2020,9,STATEN ISLAND,385,758,346
372,2020,10,(null),0,1,0
373,2020,10,BRONX,2655,4099,1389
374,2020,10,BROOKLYN,3826,5102,1747
375,2020,10,MANHATTAN,3170,4991,1129
376,2020,10,QUEENS,2732,4078,1406
377,2020,10,STATEN ISLAND,429,764,338
378,2020,11,(null),0,1,1
379,2020,11,BRONX,2498,3993,1279
380,2020,11,BROOKLYN,3547,4870,1590
381,2020,11,MANHATTAN,2785,4289,1072
382,2020,11,QUEENS,2498,3737,1277
383,2020,11,STATEN ISLAND,359,754,293
384,2020,12,(null),0,1,0
385,2020,12,BRONX,2423,3835,1257
386,2020,12,BROOKLYN,3363,4733,1474
387,2020,12,MANHATTAN,2773,4157,1011
388,2020,12,QUEENS,2443,3743,1232
389,2020,12,STATEN ISLAND,446,689,270
390,2021,1,(null),0,0,1
391,2021,1,BRONX,2291,3719,1169
392,2021,1,BROOKLYN,3384,4729,1568
393,2021,1,MANHATTAN,2498,4192,1032
394,2021,1,QUEENS,2342,3737,1191
395,2021,1,STATEN ISLAND,398,732,251
396,2021,2,(null),1,1,0
397,2021,2,BRONX,1968,3107,1077
398,2021,2,BROOKLYN,2689,3901,1484
399,2021,2,MANHATTAN,2135,3631,944
400,2021,2,QUEENS,1886,3208,1085
401,2021,2,STATEN ISLAND,377,604,303
402,2021,3,(null),0,13,0
403,2021,3,BRONX,2353,3877,1321
404,2021,3,BROOKLYN,3355,5004,1694
405,2021,3,MANHATTAN,2752,4565,1218
406,2021,3,QUEENS,2286,3992,1332
407,2021,3,STATEN ISLAND,463,757,328
408,2021,4,(null),0,93,0
409,2021,4,BRONX,2242,3310,1243
410,2021,4,BROOKLYN,3086,4670,1733
411,2021,4,MANHATTAN,2519,4279,1232
412,2021,4,QUEENS,2310,3744,1263
413,2021,4,STATEN ISLAND,427,780,310
414,2021,5,(null),1,52,0
415,2021,5,BRONX,2564,3663,1455
416,2021,5,BROOKLYN,3563,5074,1815
417,2021,5,MANHATTAN,2915,5075,1285
418,2021,5,QUEENS,2542,4070,1442
419,2021,5,STATEN ISLAND,433,825,371
420,2021,6,(null),4,67,0
421,2021,6,BRONX,2708,3814,1421
422,2021,6,BROOKLYN,3625,5228,1952
423,2021,6,MANHATTAN,3094,5031,1305
424,2021,6,QUEENS,2520,4037,1496
425,2021,6,STATEN ISLAND,421,848,391
426,2021,7,(null),8,67,0
427,2021,7,BRONX,2862,4110,1483
428,2021,7,BROOKLYN,3876,5329,1949
429,2021,7,MANHATTAN,3156,5210,1313
430,2021,7,QUEENS,2665,4287,1543
431,2021,7,STATEN ISLAND,420,863,354
432,2021,8,(null),3,71,0
433,2021,8,BRONX,2839,3990,1463
434,2021,8,BROOKLYN,3812,5232,1964
435,2021,8,MANHATTAN,3233,5273,1384
436,2021,8,QUEENS,2770,4370,1537
437,2021,8,STATEN ISLAND,414,755,400
438,2021,9,(null),7,70,0
439,2021,9,BRONX,2831,4020,1456
440,2021,9,BROOKLYN,3879,5148,2026
441,2021,9,MANHATTAN,3538,5450,1369
442,2021,9,QUEENS,2747,4398,1611
443,2021,9,STATEN ISLAND,458,829,370
444,2021,10,(null),0,76,0
445,2021,10,BRONX,3150,4241,1647
446,2021,10,BROOKLYN,4094,5694,2137
447,2021,10,MANHATTAN,3795,5877,1486
448,2021,10,QUEENS,2836,4516,1653
449,2021,10,STATEN ISLAND,462,848,400
450,2021,11,(null),6,81,2
451,2021,11,BRONX,2982,4107,1479
452,2021,11,BROOKLYN,3880,5522,2059
453,2021,11,MANHATTAN,3576,5345,1322
454,2021,11,QUEENS,3149,4384,1387
455,2021,11,STATEN ISLAND,438,868,358
456,2021,12,(null),1,105,0
457,2021,12,BRONX,3039,3981,1494
458,2021,12,BROOKLYN,4120,5502,1959
459,2021,12,MANHATTAN,3454,5100,1239
460,2021,12,QUEENS,4161,4435,1420
461,2021,12,STATEN ISLAND,487,827,356
462,2022,1,(null),1,121,0
463,2022,1,BRONX,2834,3870,1499
464,2022,1,BROOKLYN,3824,5169,1846
465,2022,1,MANHATTAN,3262,4738,1249
466,2022,1,QUEENS,3134,4199,1337
467,2022,1,STATEN ISLAND,456,739,348
468,2022,2,(null),3,114,2
469,2022,2,BRONX,2795,3796,1368
470,2022,2,BROOKLYN,3718,4944,1714
471,2022,2,MANHATTAN,3284,5343,1213
472,2022,2,QUEENS,2886,4146,1156
473,2022,2,STATEN ISLAND,422,815,314
474,2022,3,(null),0,65,0
475,2022,3,BRONX,3230,4787,1683
476,2022,3,BROOKLYN,4196,6024,2050
477,2022,3,MANHATTAN,3647,6308,1509
478,2022,3,QUEENS,3009,4659,1496
479,2022,3,STATEN ISLAND,489,974,386
480,2022,4,(null),1,94,2
481,2022,4,BRONX,2942,4498,1645
482,2022,4,BROOKLYN,3894,5862,2062
483,2022,4,MANHATTAN,3664,5956,1355
484,2022,4,QUEENS,2974,4663,1478
485,2022,4,STATEN ISLAND,445,934,385
486,2022,5,(null),2,56,2
487,2022,5,BRONX,3267,4675,1772
488,2022,5,BROOKLYN,4373,6365,2157
489,2022,5,MANHATTAN,3971,6222,1530
490,2022,5,QUEENS,3182,5156,1606
491,2022,5,STATEN ISLAND,489,920,430
492,2022,6,(null),2,77,1
493,2022,6,BRONX,3414,4810,1732
494,2022,6,BROOKLYN,4264,6466,2293
495,2022,6,MANHATTAN,4132,6465,1604
496,2022,6,QUEENS,3367,5133,1718
497,2022,6,STATEN ISLAND,495,1026,457
498,2022,7,(null),1,82,0
499,2022,7,BRONX,3544,4839,1547
500,2022,7,BROOKLYN,4644,6576,2258
501,2022,7,MANHATTAN,4184,6208,1420
502,2022,7,QUEENS,3461,5164,1615
503,2022,7,STATEN ISLAND,509,1066,434
504,2022,8,(null),1,94,0
505,2022,8,BRONX,3290,4815,1631
506,2022,8,BROOKLYN,4643,6599,2246
507,2022,8,MANHATTAN,3978,6232,1482
508,2022,8,QUEENS,3516,5260,1640
509,2022,8,STATEN ISLAND,541,1169,397
510,2022,9,(null),5,79,0
511,2022,9,BRONX,3247,4599,1602
512,2022,9,BROOKLYN,4244,6097,2216
513,2022,9,MANHATTAN,4011,6114,1429
514,2022,9,QUEENS,3484,4942,1500
515,2022,9,STATEN ISLAND,527,1042,407
516,2022,10,(null),4,91,2
517,2022,10,BRONX,3454,4826,1600
518,2022,10,BROOKLYN,4369,6229,2298
519,2022,10,MANHATTAN,3985,6174,1473
520,2022,10,QUEENS,3484,5171,1519
521,2022,10,STATEN ISLAND,548,1101,388
522,2022,11,(null),0,94,2
523,2022,11,BRONX,3263,4685,1560
524,2022,11,BROOKLYN,4048,6070,2169
525,2022,11,MANHATTAN,3715,5766,1468
526,2022,11,QUEENS,3276,5048,1512
527,2022,11,STATEN ISLAND,564,1068,428
528,2022,12,(null),2,84,0
529,2022,12,BRONX,3245,4439,1453
530,2022,12,BROOKLYN,3797,5820,1999
531,2022,12,MANHATTAN,3636,5392,1270
532,2022,12,QUEENS,3154,4704,1308
533,2022,12,STATEN ISLAND,507,1070,374
534,2023,1,(null),2,78,0
535,2023,1,BRONX,3388,4789,1552
536,2023,1,BROOKLYN,4385,6427,2113
537,2023,1,MANHATTAN,3638,5724,1410
538,2023,1,QUEENS,3242,5149,1406
539,2023,1,STATEN ISLAND,523,1074,388
540,2023,2,(null),1,69,0
541,2023,2,BRONX,2879,4292,1372
542,2023,2,BROOKLYN,3728,5583,1884
543,2023,2,MANHATTAN,3150,4945,1252
544,2023,2,QUEENS,2998,4742,1351
545,2023,2,STATEN ISLAND,456,919,326
546,2023,3,(null),2,88,1
547,2023,3,BRONX,3353,4840,1631
548,2023,3,BROOKLYN,4226,6418,2270
549,2023,3,MANHATTAN,3688,5464,1438
550,2023,3,QUEENS,3330,5273,1497
551,2023,3,STATEN ISLAND,563,1100,399
552,2023,4,(null),5,53,1
553,2023,4,BRONX,3441,4752,1512
554,2023,4,BROOKLYN,4254,6185,2140
555,2023,4,MANHATTAN,3579,5503,1408
556,2023,4,QUEENS,3211,4859,1482
557,2023,4,STATEN ISLAND,590,1037,425
558,2023,5,(null),0,61,0
559,2023,5,BRONX,3669,5413,1802
560,2023,5,BROOKLYN,4552,6631,2346
561,2023,5,MANHATTAN,3817,6210,1499
562,2023,5,QUEENS,3506,5574,1793
563,2023,5,STATEN ISLAND,579,1193,453
564,2023,6,(null),2,97,1
565,2023,6,BRONX,3638,5116,1612
566,2023,6,BROOKLYN,4501,6439,2370
567,2023,6,MANHATTAN,3956,6193,1449
568,2023,6,QUEENS,3474,5263,1546
569,2023,6,STATEN ISLAND,604,1137,402
570,2023,7,(null),4,89,2
571,2023,7,BRONX,3821,4971,1637
572,2023,7,BROOKLYN,4663,6688,2273
573,2023,7,MANHATTAN,3947,6190,1438
574,2023,7,QUEENS,3648,5461,1626
575,2023,7,STATEN ISLAND,612,1168,393
576,2023,8,(null),3,84,1
577,2023,8,BRONX,3855,4975,1683
578,2023,8,BROOKLYN,4602,6707,2173
579,2023,8,MANHATTAN,4178,6359,1473
580,2023,8,QUEENS,3748,5523,1604
581,2023,8,STATEN ISLAND,603,1129,438
582,2023,9,(null),1,69,0
583,2023,9,BRONX,3508,4830,1498
584,2023,9,BROOKLYN,4191,6232,2161
585,2023,9,MANHATTAN,3967,5729,1389
586,2023,9,QUEENS,3464,5068,1518
587,2023,9,STATEN ISLAND,553,1008,374
588,2023,10,(null),3,98,1
589,2023,10,BRONX,3567,5317,1657
590,2023,10,BROOKLYN,4536,6526,2423
591,2023,10,MANHATTAN,3850,6222,1527
592,2023,10,QUEENS,3696,5406,1689
593,2023,10,STATEN ISLAND,631,1179,411
594,2023,11,(null),4,101,0
595,2023,11,BRONX,3258,4823,1624
596,2023,11,BROOKLYN,4196,6139,2159
597,2023,11,MANHATTAN,3716,5802,1440
598,2023,11,QUEENS,3327,5235,1560
599,2023,11,STATEN ISLAND,559,1178,387
600,2023,12,(null),7,91,0
601,2023,12,BRONX,3413,5009,1545
602,2023,12,BROOKLYN,4048,6311,2147
603,2023,12,MANHATTAN,3790,5580,1376
604,2023,12,QUEENS,3307,5301,1437
605,2023,12,STATEN ISLAND,522,1131,363
606,2024,1,(null),0,4,1
607,2024,1,BRONX,3530,5160,1649
608,2024,1,BROOKLYN,4315,6473,2160
609,2024,1,MANHATTAN,3616,5958,1573
610,2024,1,QUEENS,3483,5477,1526
611,2024,1,STATEN ISLAND,533,1136,357
612,2024,2,(null),0,1,0
613,2024,2,BRONX,3219,4805,1559
614,2024,2,BROOKLYN,3984,6191,1954
615,2024,2,MANHATTAN,3336,5599,1361
616,2024,2,QUEENS,3187,5328,1407
617,2024,2,STATEN ISLAND,517,1133,369
618,2024,3,(null),1,0,1
619,2024,3,BRONX,3459,5126,1603
620,2024,3,BROOKLYN,4131,6557,2108
621,2024,3,MANHATTAN,3577,6084,1539
622,2024,3,QUEENS,3407,5415,1516
623,2024,3,STATEN ISLAND,596,1152,418
624,2024,4,(null),0,2,0
625,2024,4,BRONX,3398,4884,1525
626,2024,4,BROOKLYN,4195,6420,2150
627,2024,4,MANHATTAN,3628,6061,1402
628,2024,4,QUEENS,3429,5266,1569
629,2024,4,STATEN ISLAND,541,1092,415
630,2024,5,(null),4,54,1
631,2024,5,BRONX,3777,5336,1741
632,2024,5,BROOKLYN,4622,7013,2483
633,2024,5,MANHATTAN,3965,6511,1647
634,2024,5,QUEENS,3581,5710,1707
635,2024,5,STATEN ISLAND,567,1152,464
636,2024,6,(null),6,80,9
637,2024,6,BRONX,3762,5154,1653
638,2024,6,BROOKLYN,4577,7198,2349
639,2024,6,MANHATTAN,3791,6257,1424
640,2024,6,QUEENS,3687,5927,1780
641,2024,6,STATEN ISLAND,621,1095,426
642,2024,7,(null),11,118,7
643,2024,7,BRONX,4151,5506,1677
644,2024,7,BROOKLYN,4442,6899,2344
645,2024,7,MANHATTAN,4071,6619,1500
646,2024,7,QUEENS,3870,6035,1777
647,2024,7,STATEN ISLAND,576,1080,423
648,2024,8,(null),1,78,0
649,2024,8,BRONX,3947,5356,1647
650,2024,8,BROOKLYN,4459,7126,2334
651,2024,8,MANHATTAN,4031,6722,1432
652,2024,8,QUEENS,3839,5798,1684
653,2024,8,STATEN ISLAND,547,1011,422
654,2024,9,(null),2,95,0
655,2024,9,BRONX,3759,5209,1653
656,2024,9,BROOKLYN,4347,6826,2306
657,2024,9,MANHATTAN,3912,6574,1535
658,2024,9,QUEENS,3506,5588,1744
659,2024,9,STATEN ISLAND,563,1051,440
660,2024,10,(null),1,105,0
661,2024,10,BRONX,3910,5411,1753
662,2024,10,BROOKLYN,4397,7325,2407
663,2024,10,MANHATTAN,3971,6962,1625
664,2024,10,QUEENS,3536,5707,1776
665,2024,10,STATEN ISLAND,538,1135,435
666,2024,11,(null),0,82,0
667,2024,11,BRONX,3534,5332,1645
668,2024,11,BROOKLYN,4010,6814,2148
669,2024,11,MANHATTAN,3814,6445,1447
670,2024,11,QUEENS,3214,5354,1630
671,2024,11,STATEN ISLAND,465,1001,404
672,2024,12,(null),0,171,0
673,2024,12,BRONX,3269,5063,1507
674,2024,12,BROOKLYN,3630,6496,2005
675,2024,12,MANHATTAN,3481,5792,1380
676,2024,12,QUEENS,3062,5185,1453
677,2024,12,STATEN ISLAND,500,1044,375
